                  epoch,         train/box_loss,         train/cls_loss,         train/dfl_loss,   metrics/precision(B),      metrics/recall(B),       metrics/mAP50(B),    metrics/mAP50-95(B),           val/box_loss,           val/cls_loss,           val/dfl_loss,                 lr/pg0,                 lr/pg1,                 lr/pg2
                      1,                 1.3003,                 1.8281,                 1.4191,                0.62073,                0.66711,                0.67417,                0.41894,                 1.2675,                 1.4296,                 1.4322,             0.00023624,             0.00023624,             0.00023624
                      2,                 1.2493,                 1.2116,                 1.3825,                0.66802,                0.71422,                0.71688,                0.44642,                 1.2866,                 1.1841,                  1.448,             0.00038034,             0.00038034,             0.00038034
                      3,                 1.2234,                 1.1553,                   1.37,                0.68282,                0.67057,                0.71085,                0.45609,                 1.2537,                 1.1776,                 1.4376,             0.00043019,             0.00043019,             0.00043019
                      4,                 1.1794,                 1.0662,                 1.3353,                0.71746,                0.74008,                0.74832,                0.49631,                 1.1849,                0.99025,                 1.3657,             0.00028988,             0.00028988,             0.00028988
                      5,                 1.1553,                0.99807,                 1.3173,                0.70464,                0.75551,                0.76566,                0.51066,                 1.1731,                0.97376,                 1.3619,             0.00028988,             0.00028988,             0.00028988
